{
  "hrv_rmssd": {
    "median": 0.0,
    "iqr": 1.0
  },
  "hr_rest": {
    "median": 52.0,
    "iqr": 9.0
  },
  "sleep_duration": {
    "median": 8.45,
    "iqr": 1.666666666666667
  },
  "sleep_quality": {
    "median": 0.0,
    "iqr": 1.0
  },
  "hr_mean": {
    "median": 133.0,
    "iqr": 23.0
  },
  "hr_drift": {
    "median": 0.1777507733097658,
    "iqr": 0.10694553665148843
  },
  "pace_mean": {
    "median": 2.6875,
    "iqr": 0.25740740740740753
  },
  "pace_hr_ratio": {
    "median": 0.01970609283324329,
    "iqr": 0.004698646446225734
  },
  "duration": {
    "median": 58.349999999999994,
    "iqr": 54.27499999999999
  },
  "elevation_gain": {
    "median": 45.5,
    "iqr": 96.25
  },
  "training_load": {
    "median": 80.4835,
    "iqr": 75.19224999999997
  },
  "is_rest_day": {
    "median": 0.0,
    "iqr": 1.0
  }
}